[{"SiteName":"二林","County":"彰化縣","AQI":"33","Pollutant":"","Status":"良好","SO2":"4.1","CO":"0.29","CO_8hr":"0.2","O3":"33","O3_8hr":"28","PM10":"43","PM2.5":"7","NO2":"9.2","NOx":"12","NO":"2.4","WindSpeed":"4.5","WindDirec":"20","PublishTime":"2020-01-01 14:00","PM2.5_AVG":"8","PM10_AVG":"36","SO2_AVG":"2","Longitude":"120.409653","Latitude":"23.925175","SiteId":"35"},{"SiteName":"三重","County":"新北市","AQI":"25","Pollutant":"","Status":"良好","SO2":"1.8","CO":"1.01","CO_8hr":"0.9","O3":"-","O3_8hr":"","PM10":"16","PM2.5":"4","NO2":"27","NOx":"63","NO":"36","WindSpeed":"","WindDirec":"","PublishTime":"2020-01-01 14:00","PM2.5_AVG":"8","PM10_AVG":"23","SO2_AVG":"2","Longitude":"121.493806","Latitude":"25.072611","SiteId":"67"},{"SiteName":"三義","County":"苗栗縣","AQI":"26","Pollutant":"","Status":"良好","SO2":"1.4","CO":"0.19","CO_8hr":"0.2","O3":"30","O3_8hr":"28","PM10":"8","PM2.5":"3","NO2":"5.6","NOx":"6.8","NO":"1.2","WindSpeed":"3.6","WindDirec":"21","PublishTime":"2020-01-01 14:00","PM2.5_AVG":"5","PM10_AVG":"7","SO2_AVG":"1","Longitude":"120.758833","Latitude":"24.382942","SiteId":"27"},{"SiteName":"土城","County":"新北市","AQI":"31","Pollutant":"","Status":"良好","SO2":"1.6","CO":"0.33","CO_8hr":"0.3","O3":"35","O3_8hr":"33","PM10":"9","PM2.5":"5","NO2":"10","NOx":"12","NO":"1.2","WindSpeed":"1.8","WindDirec":"331","PublishTime":"2020-01-01 14:00","PM2.5_AVG":"5","PM10_AVG":"12","SO2_AVG":"2","Longitude":"121.451861","Latitude":"24.982528","SiteId":"5"},{"SiteName":"士林","County":"臺北市","AQI":"37","Pollutant":"","Status":"良好","SO2":"2.4","CO":"0.2","CO_8hr":"0.2","O3":"42","O3_8hr":"40","PM10":"6","PM2.5":"ND","NO2":"3.6","NOx":"5","NO":"1.4","WindSpeed":"4.4","WindDirec":"42","PublishTime":"2020-01-01 14:00","PM2.5_AVG":"2","PM10_AVG":"7","SO2_AVG":"2","Longitude":"121.515389","Latitude":"25.105417","SiteId":"11"},{"SiteName":"大同","County":"臺北市","AQI":"27","Pollutant":"","Status":"良好","SO2":"1.2","CO":"0.66","CO_8hr":"0.6","O3":"-","O3_8hr":"","PM10":"16","PM2.5":"5","NO2":"29","NOx":"59","NO":"30","WindSpeed":"","WindDirec":"","PublishTime":"2020-01-01 14:00","PM2.5_AVG":"8","PM10_AVG":"21","SO2_AVG":"2","Longitude":"121.513311","Latitude":"25.0632","SiteId":"16"},{"SiteName":"大里","County":"臺中市","AQI":"20","Pollutant":"","Status":"良好","SO2":"2.1","CO":"0.33","CO_8hr":"0.4","O3":"25","O3_8hr":"17","PM10":"16","PM2.5":"7","NO2":"13","NOx":"17","NO":"3.9","WindSpeed":"2.3","WindDirec":"337","PublishTime":"2020-01-01 14:00","PM2.5_AVG":"6","PM10_AVG":"16","SO2_AVG":"2","Longitude":"120.677689","Latitude":"24.099611","SiteId":"30"},{"SiteName":"大園","County":"桃園市","AQI":"31","Pollutant":"","Status":"良好","SO2":"2.8","CO":"0.21","CO_8hr":"0.2","O3":"41","O3_8hr":"34","PM10":"18","PM2.5":"6","NO2":"8","NOx":"13","NO":"4.7","WindSpeed":"7.9","WindDirec":"32","PublishTime":"2020-01-01 14:00","PM2.5_AVG":"7","PM10_AVG":"20","SO2_AVG":"4","Longitude":"121.201811","Latitude":"25.060344","SiteId":"18"},{"SiteName":"大寮","County":"高雄市","AQI":"83","Pollutant":"細懸浮微粒","Status":"普通","SO2":"7","CO":"0.48","CO_8hr":"0.5","O3":"48","O3_8hr":"25","PM10":"55","PM2.5":"23","NO2":"22","NOx":"24","NO":"2.2","WindSpeed":"2","WindDirec":"275","PublishTime":"2020-01-01 14:00","PM2.5_AVG":"28","PM10_AVG":"49","SO2_AVG":"6","Longitude":"120.425081","Latitude":"22.565747","SiteId":"51"},{"SiteName":"小港","County":"高雄市","AQI":"74","Pollutant":"細懸浮微粒","Status":"普通","SO2":"3.8","CO":"0.44","CO_8hr":"0.6","O3":"47","O3_8hr":"22","PM10":"53","PM2.5":"29","NO2":"27","NOx":"33","NO":"5.7","WindSpeed":"2.9","WindDirec":"275","PublishTime":"2020-01-01 14:00","PM2.5_AVG":"25","PM10_AVG":"48","SO2_AVG":"2","Longitude":"120.337736","Latitude":"22.565833","SiteId":"58"},{"SiteName":"中山","County":"臺北市","AQI":"23","Pollutant":"","Status":"良好","SO2":"1.2","CO":"0.42","CO_8hr":"0.4","O3":"26","O3_8hr":"23","PM10":"10","PM2.5":"5","NO2":"19","NOx":"25","NO":"5.3","WindSpeed":"2.8","WindDirec":"113","PublishTime":"2020-01-01 14:00","PM2.5_AVG":"7","PM10_AVG":"13","SO2_AVG":"1","Longitude":"121.526528","Latitude":"25.062361","SiteId":"12"},{"SiteName":"中壢","County":"桃園市","AQI":"23","Pollutant":"","Status":"良好","SO2":"1.4","CO":"0.54","CO_8hr":"0.4","O3":"24","O3_8hr":"25","PM10":"15","PM2.5":"8","NO2":"21","NOx":"35","NO":"13","WindSpeed":"1.6","WindDirec":"21","PublishTime":"2020-01-01 14:00","PM2.5_AVG":"7","PM10_AVG":"15","SO2_AVG":"2","Longitude":"121.221667","Latitude":"24.953278","SiteId":"68"},{"SiteName":"仁武","County":"高雄市","AQI":"80","Pollutant":"細懸浮微粒","Status":"普通","SO2":"2.6","CO":"0.49","CO_8hr":"0.5","O3":"45","O3_8hr":"25","PM10":"63","PM2.5":"32","NO2":"21","NOx":"25","NO":"3.8","WindSpeed":"2.3","WindDirec":"307","PublishTime":"2020-01-01 14:00","PM2.5_AVG":"27","PM10_AVG":"50","SO2_AVG":"3","Longitude":"120.332631","Latitude":"22.689056","SiteId":"49"},{"SiteName":"斗六","County":"雲林縣","AQI":"49","Pollutant":"","Status":"良好","SO2":"0.8","CO":"0.33","CO_8hr":"0.3","O3":"44","O3_8hr":"25","PM10":"33","PM2.5":"18","NO2":"8.9","NOx":"12","NO":"3.1","WindSpeed":"2.1","WindDirec":"331","PublishTime":"2020-01-01 14:00","PM2.5_AVG":"15","PM10_AVG":"29","SO2_AVG":"2","Longitude":"120.544994","Latitude":"23.711853","SiteId":"37"},{"SiteName":"冬山","County":"宜蘭縣","AQI":"28","Pollutant":"","Status":"良好","SO2":"0.9","CO":"0.21","CO_8hr":"0.2","O3":"35","O3_8hr":"30","PM10":"6","PM2.5":"3","NO2":"2.9","NOx":"3.8","NO":"0.9","WindSpeed":"1.4","WindDirec":"256","PublishTime":"2020-01-01 14:00","PM2.5_AVG":"2","PM10_AVG":"7","SO2_AVG":"1","Longitude":"121.792928","Latitude":"24.632203","SiteId":"66"},{"SiteName":"古亭","County":"臺北市","AQI":"28","Pollutant":"","Status":"良好","SO2":"1.5","CO":"0.35","CO_8hr":"0.3","O3":"29","O3_8hr":"30","PM10":"8","PM2.5":"3","NO2":"14","NOx":"16","NO":"2","WindSpeed":"1.3","WindDirec":"59","PublishTime":"2020-01-01 14:00","PM2.5_AVG":"5","PM10_AVG":"14","SO2_AVG":"2","Longitude":"121.529556","Latitude":"25.020608","SiteId":"14"},{"SiteName":"左營","County":"高雄市","AQI":"72","Pollutant":"細懸浮微粒","Status":"普通","SO2":"2.3","CO":"0.44","CO_8hr":"0.5","O3":"57","O3_8hr":"27","PM10":"52","PM2.5":"26","NO2":"11","NOx":"12","NO":"1.2","WindSpeed":"2.9","WindDirec":"287","PublishTime":"2020-01-01 14:00","PM2.5_AVG":"24","PM10_AVG":"48","SO2_AVG":"3","Longitude":"120.292917","Latitude":"22.674861","SiteId":"54"},{"SiteName":"平鎮","County":"桃園市","AQI":"31","Pollutant":"","Status":"良好","SO2":"2.3","CO":"0.36","CO_8hr":"0.3","O3":"34","O3_8hr":"34","PM10":"13","PM2.5":"3","NO2":"11","NOx":"14","NO":"3.2","WindSpeed":"3.7","WindDirec":"69","PublishTime":"2020-01-01 14:00","PM2.5_AVG":"5","PM10_AVG":"13","SO2_AVG":"2","Longitude":"121.203986","Latitude":"24.952786","SiteId":"20"},{"SiteName":"永和","County":"新北市","AQI":"29","Pollutant":"","Status":"良好","SO2":"0.8","CO":"0.4","CO_8hr":"0.4","O3":"31","O3_8hr":"31","PM10":"10","PM2.5":"9","NO2":"11","NOx":"15","NO":"4.4","WindSpeed":"2.5","WindDirec":"77","PublishTime":"2020-01-01 14:00","PM2.5_AVG":"6","PM10_AVG":"16","SO2_AVG":"1","Longitude":"121.516306","Latitude":"25.017","SiteId":"70"},{"SiteName":"安南","County":"臺南市","AQI":"55","Pollutant":"細懸浮微粒","Status":"普通","SO2":"1.5","CO":"0.31","CO_8hr":"0.4","O3":"48","O3_8hr":"27","PM10":"32","PM2.5":"17","NO2":"6.6","NOx":"8","NO":"1.4","WindSpeed":"2.8","WindDirec":"344","PublishTime":"2020-01-01 14:00","PM2.5_AVG":"17","PM10_AVG":"34","SO2_AVG":"2","Longitude":"120.2175","Latitude":"23.048197","SiteId":"45"},{"SiteName":"朴子","County":"嘉義縣","AQI":"30","Pollutant":"","Status":"良好","SO2":"4","CO":"0.33","CO_8hr":"0.3","O3":"37","O3_8hr":"28","PM10":"31","PM2.5":"8","NO2":"9.7","NOx":"12","NO":"2.7","WindSpeed":"2.3","WindDirec":"359","PublishTime":"2020-01-01 14:00","PM2.5_AVG":"9","PM10_AVG":"26","SO2_AVG":"3","Longitude":"120.24781","Latitude":"23.467123","SiteId":"40"},{"SiteName":"汐止","County":"新北市","AQI":"27","Pollutant":"","Status":"良好","SO2":"1.2","CO":"0.26","CO_8hr":"0.3","O3":"37","O3_8hr":"29","PM10":"10","PM2.5":"5","NO2":"8.5","NOx":"11","NO":"2.5","WindSpeed":"2.6","WindDirec":"39","PublishTime":"2020-01-01 14:00","PM2.5_AVG":"7","PM10_AVG":"14","SO2_AVG":"2","Longitude":"121.6423","Latitude":"25.067131","SiteId":"2"},{"SiteName":"竹山","County":"南投縣","AQI":"56","Pollutant":"細懸浮微粒","Status":"普通","SO2":"0.9","CO":"0.41","CO_8hr":"0.4","O3":"40","O3_8hr":"16","PM10":"39","PM2.5":"23","NO2":"11","NOx":"14","NO":"2.8","WindSpeed":"1.4","WindDirec":"316","PublishTime":"2020-01-01 14:00","PM2.5_AVG":"17","PM10_AVG":"31","SO2_AVG":"1","Longitude":"120.677306","Latitude":"23.756389","SiteId":"69"},{"SiteName":"竹東","County":"新竹縣","AQI":"31","Pollutant":"","Status":"良好","SO2":"1.2","CO":"0.28","CO_8hr":"0.3","O3":"34","O3_8hr":"33","PM10":"13","PM2.5":"6","NO2":"7.6","NOx":"8.5","NO":"0.9","WindSpeed":"1.7","WindDirec":"38","PublishTime":"2020-01-01 14:00","PM2.5_AVG":"6","PM10_AVG":"12","SO2_AVG":"1","Longitude":"121.088903","Latitude":"24.740644","SiteId":"23"},{"SiteName":"西屯","County":"臺中市","AQI":"28","Pollutant":"","Status":"良好","SO2":"1.6","CO":"0.23","CO_8hr":"0.2","O3":"35","O3_8hr":"30","PM10":"12","PM2.5":"8","NO2":"6.6","NOx":"8.7","NO":"2.1","WindSpeed":"3.7","WindDirec":"6.7","PublishTime":"2020-01-01 14:00","PM2.5_AVG":"8","PM10_AVG":"16","SO2_AVG":"1","Longitude":"120.616917","Latitude":"24.162197","SiteId":"32"},{"SiteName":"沙鹿","County":"臺中市","AQI":"27","Pollutant":"","Status":"良好","SO2":"1.7","CO":"0.2","CO_8hr":"0.2","O3":"35","O3_8hr":"29","PM10":"15","PM2.5":"10","NO2":"9.5","NOx":"13","NO":"3.6","WindSpeed":"5.4","WindDirec":"7.2","PublishTime":"2020-01-01 14:00","PM2.5_AVG":"8","PM10_AVG":"16","SO2_AVG":"1","Longitude":"120.568794","Latitude":"24.225628","SiteId":"29"},{"SiteName":"宜蘭","County":"宜蘭縣","AQI":"33","Pollutant":"","Status":"良好","SO2":"1.5","CO":"0.22","CO_8hr":"0.2","O3":"35","O3_8hr":"36","PM10":"10","PM2.5":"7","NO2":"5","NOx":"6.1","NO":"1.1","WindSpeed":"1.6","WindDirec":"294","PublishTime":"2020-01-01 14:00","PM2.5_AVG":"4","PM10_AVG":"12","SO2_AVG":"2","Longitude":"121.746394","Latitude":"24.747917","SiteId":"65"},{"SiteName":"忠明","County":"臺中市","AQI":"22","Pollutant":"","Status":"良好","SO2":"2.3","CO":"0.24","CO_8hr":"0.2","O3":"30","O3_8hr":"24","PM10":"12","PM2.5":"5","NO2":"11","NOx":"14","NO":"2.9","WindSpeed":"2.7","WindDirec":"354","PublishTime":"2020-01-01 14:00","PM2.5_AVG":"6","PM10_AVG":"13","SO2_AVG":"3","Longitude":"120.641092","Latitude":"24.151958","SiteId":"31"},{"SiteName":"松山","County":"臺北市","AQI":"27","Pollutant":"","Status":"良好","SO2":"2.1","CO":"0.24","CO_8hr":"0.2","O3":"29","O3_8hr":"26","PM10":"8","PM2.5":"8","NO2":"14","NOx":"17","NO":"3","WindSpeed":"1.8","WindDirec":"58","PublishTime":"2020-01-01 14:00","PM2.5_AVG":"8","PM10_AVG":"13","SO2_AVG":"2","Longitude":"121.578611","Latitude":"25.05","SiteId":"15"},{"SiteName":"板橋","County":"新北市","AQI":"26","Pollutant":"","Status":"良好","SO2":"1.2","CO":"0.37","CO_8hr":"0.3","O3":"27","O3_8hr":"28","PM10":"12","PM2.5":"8","NO2":"18","NOx":"23","NO":"4.8","WindSpeed":"3","WindDirec":"61","PublishTime":"2020-01-01 14:00","PM2.5_AVG":"8","PM10_AVG":"16","SO2_AVG":"1","Longitude":"121.458667","Latitude":"25.012972","SiteId":"6"},{"SiteName":"林口","County":"新北市","AQI":"31","Pollutant":"","Status":"良好","SO2":"1.5","CO":"0.27","CO_8hr":"0.2","O3":"34","O3_8hr":"33","PM10":"16","PM2.5":"6","NO2":"11","NOx":"14","NO":"3.2","WindSpeed":"2.6","WindDirec":"68","PublishTime":"2020-01-01 14:00","PM2.5_AVG":"8","PM10_AVG":"13","SO2_AVG":"1","Longitude":"121.376869","Latitude":"25.077197","SiteId":"9"},{"SiteName":"林園","County":"高雄市","AQI":"83","Pollutant":"細懸浮微粒","Status":"普通","SO2":"1.8","CO":"0.37","CO_8hr":"0.5","O3":"56","O3_8hr":"24","PM10":"55","PM2.5":"24","NO2":"15","NOx":"17","NO":"1.3","WindSpeed":"3.1","WindDirec":"276","PublishTime":"2020-01-01 14:00","PM2.5_AVG":"28","PM10_AVG":"61","SO2_AVG":"4","Longitude":"120.41175","Latitude":"22.4795","SiteId":"52"},{"SiteName":"花蓮","County":"花蓮縣","AQI":"25","Pollutant":"","Status":"良好","SO2":"1.3","CO":"0.22","CO_8hr":"0.3","O3":"43","O3_8hr":"27","PM10":"10","PM2.5":"ND","NO2":"4.3","NOx":"4.7","NO":"0.4","WindSpeed":"2.2","WindDirec":"51","PublishTime":"2020-01-01 14:00","PM2.5_AVG":"3","PM10_AVG":"10","SO2_AVG":"1","Longitude":"121.599769","Latitude":"23.971306","SiteId":"63"},{"SiteName":"金門","County":"金門縣","AQI":"55","Pollutant":"細懸浮微粒","Status":"普通","SO2":"2","CO":"0.3","CO_8hr":"0.3","O3":"42","O3_8hr":"33","PM10":"28","PM2.5":"15","NO2":"7","NOx":"8","NO":"1","WindSpeed":"2.6","WindDirec":"27","PublishTime":"2020-01-01 14:00","PM2.5_AVG":"17","PM10_AVG":"35","SO2_AVG":"2","Longitude":"118.312256","Latitude":"24.432133","SiteId":"77"},{"SiteName":"前金","County":"高雄市","AQI":"72","Pollutant":"細懸浮微粒","Status":"普通","SO2":"2","CO":"0.45","CO_8hr":"0.5","O3":"58","O3_8hr":"27","PM10":"60","PM2.5":"28","NO2":"9.4","NOx":"12","NO":"2.4","WindSpeed":"2.8","WindDirec":"326","PublishTime":"2020-01-01 14:00","PM2.5_AVG":"24","PM10_AVG":"50","SO2_AVG":"2","Longitude":"120.288086","Latitude":"22.632567","SiteId":"56"},{"SiteName":"前鎮","County":"高雄市","AQI":"71","Pollutant":"細懸浮微粒","Status":"普通","SO2":"2.2","CO":"0.54","CO_8hr":"0.6","O3":"52","O3_8hr":"24","PM10":"53","PM2.5":"28","NO2":"18","NOx":"22","NO":"4.4","WindSpeed":"2.1","WindDirec":"4.9","PublishTime":"2020-01-01 14:00","PM2.5_AVG":"24","PM10_AVG":"48","SO2_AVG":"3","Longitude":"120.307564","Latitude":"22.605386","SiteId":"57"},{"SiteName":"南投","County":"南投縣","AQI":"38","Pollutant":"","Status":"良好","SO2":"2.2","CO":"0.46","CO_8hr":"0.5","O3":"35","O3_8hr":"19","PM10":"28","PM2.5":"13","NO2":"13","NOx":"17","NO":"3.5","WindSpeed":"1.7","WindDirec":"12","PublishTime":"2020-01-01 14:00","PM2.5_AVG":"12","PM10_AVG":"27","SO2_AVG":"2","Longitude":"120.685306","Latitude":"23.913","SiteId":"36"},{"SiteName":"屏東","County":"屏東縣","AQI":"75","Pollutant":"細懸浮微粒","Status":"普通","SO2":"2.5","CO":"0.43","CO_8hr":"0.5","O3":"60","O3_8hr":"30","PM10":"51","PM2.5":"29","NO2":"9.1","NOx":"10","NO":"1.4","WindSpeed":"2.1","WindDirec":"278","PublishTime":"2020-01-01 14:00","PM2.5_AVG":"25","PM10_AVG":"56","SO2_AVG":"2","Longitude":"120.488033","Latitude":"22.673081","SiteId":"59"},{"SiteName":"屏東(琉球)","County":"屏東縣","AQI":"70","Pollutant":"細懸浮微粒","Status":"普通","SO2":"1.6","CO":"0.35","CO_8hr":"0.4","O3":"57","O3_8hr":"29","PM10":"37","PM2.5":"22","NO2":"9","NOx":"11","NO":"1.9","WindSpeed":"3.3","WindDirec":"319","PublishTime":"2020-01-01 14:00","PM2.5_AVG":"23","PM10_AVG":"39","SO2_AVG":"3","Longitude":"120.377222","Latitude":"22.352222","SiteId":"204"},{"SiteName":"恆春","County":"屏東縣","AQI":"39","Pollutant":"","Status":"良好","SO2":"0.9","CO":"0.16","CO_8hr":"0.2","O3":"46","O3_8hr":"42","PM10":"6","PM2.5":"ND","NO2":"1.9","NOx":"3.1","NO":"1.2","WindSpeed":"11","WindDirec":"29","PublishTime":"2020-01-01 14:00","PM2.5_AVG":"3","PM10_AVG":"6","SO2_AVG":"1","Longitude":"120.788928","Latitude":"21.958069","SiteId":"61"},{"SiteName":"美濃","County":"高雄市","AQI":"64","Pollutant":"細懸浮微粒","Status":"普通","SO2":"1.3","CO":"0.39","CO_8hr":"0.5","O3":"42","O3_8hr":"21","PM10":"34","PM2.5":"20","NO2":"4.3","NOx":"5.9","NO":"1.7","WindSpeed":"1.1","WindDirec":"305","PublishTime":"2020-01-01 14:00","PM2.5_AVG":"21","PM10_AVG":"40","SO2_AVG":"1","Longitude":"120.530542","Latitude":"22.883583","SiteId":"47"},{"SiteName":"苗栗","County":"苗栗縣","AQI":"24","Pollutant":"","Status":"良好","SO2":"1.6","CO":"0.3","CO_8hr":"0.3","O3":"26","O3_8hr":"24","PM10":"17","PM2.5":"8","NO2":"9","NOx":"12","NO":"3.1","WindSpeed":"2.6","WindDirec":"28","PublishTime":"2020-01-01 14:00","PM2.5_AVG":"8","PM10_AVG":"15","SO2_AVG":"2","Longitude":"120.8202","Latitude":"24.565269","SiteId":"26"},{"SiteName":"埔里","County":"南投縣","AQI":"32","Pollutant":"","Status":"良好","SO2":"0.8","CO":"0.3","CO_8hr":"0.4","O3":"42","O3_8hr":"27","PM10":"10","PM2.5":"5","NO2":"7","NOx":"7.8","NO":"0.7","WindSpeed":"1.5","WindDirec":"267","PublishTime":"2020-01-01 14:00","PM2.5_AVG":"10","PM10_AVG":"15","SO2_AVG":"2","Longitude":"120.967903","Latitude":"23.968842","SiteId":"72"},{"SiteName":"桃園","County":"桃園市","AQI":"27","Pollutant":"","Status":"良好","SO2":"2.9","CO":"0.38","CO_8hr":"0.4","O3":"29","O3_8hr":"29","PM10":"14","PM2.5":"11","NO2":"13","NOx":"15","NO":"1.9","WindSpeed":"2.9","WindDirec":"62","PublishTime":"2020-01-01 14:00","PM2.5_AVG":"8","PM10_AVG":"16","SO2_AVG":"3","Longitude":"121.304383","Latitude":"24.995368","SiteId":"17"},{"SiteName":"桃園(觀音工業區)","County":"桃園市","AQI":"31","Pollutant":"","Status":"良好","SO2":"0.1","CO":"0.14","CO_8hr":"0.1","O3":"31","O3_8hr":"29","PM10":"34","PM2.5":"9","NO2":"5.7","NOx":"8.5","NO":"2.8","WindSpeed":"3.2","WindDirec":"67","PublishTime":"2020-01-01 14:00","PM2.5_AVG":"8","PM10_AVG":"34","SO2_AVG":"0","Longitude":"121.128044","Latitude":"25.063039","SiteId":"312"},{"SiteName":"馬公","County":"澎湖縣","AQI":"36","Pollutant":"","Status":"良好","SO2":"1.3","CO":"0.22","CO_8hr":"0.2","O3":"39","O3_8hr":"39","PM10":"41","PM2.5":"9","NO2":"2.3","NOx":"4.5","NO":"2.3","WindSpeed":"5.4","WindDirec":"17","PublishTime":"2020-01-01 14:00","PM2.5_AVG":"8","PM10_AVG":"34","SO2_AVG":"2","Longitude":"119.566158","Latitude":"23.569031","SiteId":"78"},{"SiteName":"馬祖","County":"連江縣","AQI":"56","Pollutant":"細懸浮微粒","Status":"普通","SO2":"1.9","CO":"0.17","CO_8hr":"0.2","O3":"40","O3_8hr":"33","PM10":"26","PM2.5":"17","NO2":"5.9","NOx":"7.1","NO":"1.3","WindSpeed":"2.8","WindDirec":"331","PublishTime":"2020-01-01 14:00","PM2.5_AVG":"17","PM10_AVG":"31","SO2_AVG":"2","Longitude":"119.949875","Latitude":"26.160469","SiteId":"75"},{"SiteName":"高雄(左營)","County":"高雄市","AQI":"78","Pollutant":"細懸浮微粒","Status":"普通","SO2":"0.7","CO":"0.43","CO_8hr":"0.4","O3":"49","O3_8hr":"24","PM10":"59","PM2.5":"32","NO2":"13","NOx":"14","NO":"1.3","WindSpeed":"1.5","WindDirec":"272","PublishTime":"2020-01-01 14:00","PM2.5_AVG":"27","PM10_AVG":"50","SO2_AVG":"1","Longitude":"120.316744","Latitude":"22.691622","SiteId":"313"},{"SiteName":"高雄(楠梓)","County":"高雄市","AQI":"76","Pollutant":"細懸浮微粒","Status":"普通","SO2":"1.3","CO":"0.49","CO_8hr":"0.5","O3":"36","O3_8hr":"20","PM10":"58","PM2.5":"28","NO2":"17","NOx":"19","NO":"2","WindSpeed":"0.9","WindDirec":"287","PublishTime":"2020-01-01 14:00","PM2.5_AVG":"26","PM10_AVG":"50","SO2_AVG":"2","Longitude":"120.300819","Latitude":"22.718297","SiteId":"310"},{"SiteName":"基隆","County":"基隆市","AQI":"31","Pollutant":"","Status":"良好","SO2":"0.7","CO":"0.23","CO_8hr":"0.3","O3":"40","O3_8hr":"34","PM10":"14","PM2.5":"3","NO2":"3.9","NOx":"4.9","NO":"1.1","WindSpeed":"1.1","WindDirec":"104","PublishTime":"2020-01-01 14:00","PM2.5_AVG":"6","PM10_AVG":"17","SO2_AVG":"1","Longitude":"121.760056","Latitude":"25.129167","SiteId":"1"},{"SiteName":"崙背","County":"雲林縣","AQI":"31","Pollutant":"","Status":"良好","SO2":"3.5","CO":"0.3","CO_8hr":"0.3","O3":"38","O3_8hr":"30","PM10":"33","PM2.5":"8","NO2":"11","NOx":"14","NO":"2.7","WindSpeed":"2.5","WindDirec":"350","PublishTime":"2020-01-01 14:00","PM2.5_AVG":"10","PM10_AVG":"26","SO2_AVG":"3","Longitude":"120.348742","Latitude":"23.757547","SiteId":"38"},{"SiteName":"淡水","County":"新北市","AQI":"32","Pollutant":"","Status":"良好","SO2":"2.7","CO":"0.23","CO_8hr":"0.2","O3":"39","O3_8hr":"35","PM10":"7","PM2.5":"2","NO2":"2.4","NOx":"3.1","NO":"0.7","WindSpeed":"","WindDirec":"","PublishTime":"2020-01-01 14:00","PM2.5_AVG":"4","PM10_AVG":"8","SO2_AVG":"3","Longitude":"121.449239","Latitude":"25.1645","SiteId":"10"},{"SiteName":"麥寮","County":"雲林縣","AQI":"28","Pollutant":"","Status":"良好","SO2":"1.7","CO":"0.21","CO_8hr":"0.3","O3":"41","O3_8hr":"28","PM10":"29","PM2.5":"8","NO2":"5","NOx":"5.9","NO":"0.9","WindSpeed":"5.5","WindDirec":"49","PublishTime":"2020-01-01 14:00","PM2.5_AVG":"9","PM10_AVG":"29","SO2_AVG":"3","Longitude":"120.251825","Latitude":"23.753506","SiteId":"83"},{"SiteName":"善化","County":"臺南市","AQI":"61","Pollutant":"細懸浮微粒","Status":"普通","SO2":"1.8","CO":"0.34","CO_8hr":"0.3","O3":"55","O3_8hr":"28","PM10":"30","PM2.5":"22","NO2":"7.6","NOx":"8.5","NO":"0.9","WindSpeed":"3.4","WindDirec":"5.2","PublishTime":"2020-01-01 14:00","PM2.5_AVG":"20","PM10_AVG":"24","SO2_AVG":"2","Longitude":"120.297142","Latitude":"23.115097","SiteId":"44"},{"SiteName":"富貴角","County":"新北市","AQI":"38","Pollutant":"","Status":"良好","SO2":"-0.1","CO":"0.15","CO_8hr":"0.1","O3":"43","O3_8hr":"41","PM10":"35","PM2.5":"5","NO2":"1","NOx":"1","NO":"-0.1","WindSpeed":"4.7","WindDirec":"54","PublishTime":"2020-01-01 14:00","PM2.5_AVG":"7","PM10_AVG":"35","SO2_AVG":"0","Longitude":"121.536763","Latitude":"25.298562","SiteId":"84"},{"SiteName":"復興","County":"高雄市","AQI":"81","Pollutant":"細懸浮微粒","Status":"普通","SO2":"3","CO":"0.56","CO_8hr":"0.7","O3":"50","O3_8hr":"23","PM10":"48","PM2.5":"29","NO2":"16","NOx":"18","NO":"1.9","WindSpeed":"1.2","WindDirec":"299","PublishTime":"2020-01-01 14:00","PM2.5_AVG":"28","PM10_AVG":"42","SO2_AVG":"4","Longitude":"120.312017","Latitude":"22.608711","SiteId":"71"},{"SiteName":"湖口","County":"新竹縣","AQI":"32","Pollutant":"","Status":"良好","SO2":"2.3","CO":"0.22","CO_8hr":"0.2","O3":"39","O3_8hr":"35","PM10":"16","PM2.5":"7","NO2":"5.9","NOx":"8","NO":"2.1","WindSpeed":"4.2","WindDirec":"42","PublishTime":"2020-01-01 14:00","PM2.5_AVG":"8","PM10_AVG":"16","SO2_AVG":"2","Longitude":"121.038653","Latitude":"24.900142","SiteId":"22"},{"SiteName":"菜寮","County":"新北市","AQI":"26","Pollutant":"","Status":"良好","SO2":"1.4","CO":"0.37","CO_8hr":"0.3","O3":"31","O3_8hr":"28","PM10":"9","PM2.5":"6","NO2":"11","NOx":"13","NO":"2.6","WindSpeed":"3.4","WindDirec":"82","PublishTime":"2020-01-01 14:00","PM2.5_AVG":"8","PM10_AVG":"13","SO2_AVG":"2","Longitude":"121.481028","Latitude":"25.06895","SiteId":"8"},{"SiteName":"陽明","County":"臺北市","AQI":"","Pollutant":"","Status":"設備維護","SO2":"2.3","CO":"0.16","CO_8hr":"0.2","O3":"40","O3_8hr":"38","PM10":"2","PM2.5":"ND","NO2":"0.7","NOx":"0.9","NO":"0.2","WindSpeed":"","WindDirec":"","PublishTime":"2020-01-01 14:00","PM2.5_AVG":"","PM10_AVG":"5","SO2_AVG":"2","Longitude":"121.529583","Latitude":"25.182722","SiteId":"64"},{"SiteName":"新北(樹林)","County":"新北市","AQI":"25","Pollutant":"","Status":"良好","SO2":"1.3","CO":"0.38","CO_8hr":"0.3","O3":"28","O3_8hr":"27","PM10":"15","PM2.5":"4","NO2":"15","NOx":"21","NO":"6.6","WindSpeed":"1.1","WindDirec":"186","PublishTime":"2020-01-01 14:00","PM2.5_AVG":"7","PM10_AVG":"17","SO2_AVG":"1","Longitude":"121.383528","Latitude":"24.949028","SiteId":"203"},{"SiteName":"新竹","County":"新竹市","AQI":"30","Pollutant":"","Status":"良好","SO2":"1","CO":"0.26","CO_8hr":"0.3","O3":"34","O3_8hr":"32","PM10":"15","PM2.5":"4","NO2":"10","NOx":"12","NO":"1.7","WindSpeed":"2.9","WindDirec":"37","PublishTime":"2020-01-01 14:00","PM2.5_AVG":"7","PM10_AVG":"16","SO2_AVG":"1","Longitude":"120.972075","Latitude":"24.805619","SiteId":"24"},{"SiteName":"新店","County":"新北市","AQI":"28","Pollutant":"","Status":"良好","SO2":"1.8","CO":"0.31","CO_8hr":"0.3","O3":"32","O3_8hr":"30","PM10":"10","PM2.5":"5","NO2":"11","NOx":"13","NO":"1.1","WindSpeed":"1.6","WindDirec":"45","PublishTime":"2020-01-01 14:00","PM2.5_AVG":"4","PM10_AVG":"11","SO2_AVG":"1","Longitude":"121.537778","Latitude":"24.977222","SiteId":"4"},{"SiteName":"新莊","County":"新北市","AQI":"30","Pollutant":"","Status":"良好","SO2":"1.4","CO":"0.33","CO_8hr":"0.3","O3":"32","O3_8hr":"32","PM10":"15","PM2.5":"6","NO2":"13","NOx":"16","NO":"2.8","WindSpeed":"3.3","WindDirec":"74","PublishTime":"2020-01-01 14:00","PM2.5_AVG":"7","PM10_AVG":"19","SO2_AVG":"2","Longitude":"121.4325","Latitude":"25.037972","SiteId":"7"},{"SiteName":"新港","County":"嘉義縣","AQI":"37","Pollutant":"","Status":"良好","SO2":"1.9","CO":"0.25","CO_8hr":"0.3","O3":"41","O3_8hr":"29","PM10":"31","PM2.5":"10","NO2":"7.5","NOx":"9.5","NO":"2","WindSpeed":"3","WindDirec":"351","PublishTime":"2020-01-01 14:00","PM2.5_AVG":"11","PM10_AVG":"26","SO2_AVG":"2","Longitude":"120.345531","Latitude":"23.554839","SiteId":"39"},{"SiteName":"新營","County":"臺南市","AQI":"54","Pollutant":"細懸浮微粒","Status":"普通","SO2":"2","CO":"0.32","CO_8hr":"0.3","O3":"44","O3_8hr":"28","PM10":"29","PM2.5":"18","NO2":"8.5","NOx":"9.5","NO":"1","WindSpeed":"3","WindDirec":"6.3","PublishTime":"2020-01-01 14:00","PM2.5_AVG":"17","PM10_AVG":"28","SO2_AVG":"2","Longitude":"120.31725","Latitude":"23.305633","SiteId":"43"},{"SiteName":"楠梓","County":"高雄市","AQI":"75","Pollutant":"細懸浮微粒","Status":"普通","SO2":"2.5","CO":"0.45","CO_8hr":"0.4","O3":"47","O3_8hr":"24","PM10":"50","PM2.5":"26","NO2":"15","NOx":"17","NO":"2.8","WindSpeed":"2.2","WindDirec":"336","PublishTime":"2020-01-01 14:00","PM2.5_AVG":"25","PM10_AVG":"46","SO2_AVG":"3","Longitude":"120.328289","Latitude":"22.733667","SiteId":"53"},{"SiteName":"楠梓加工出口區","County":"高雄市","AQI":"76","Pollutant":"細懸浮微粒","Status":"普通","SO2":"1.3","CO":"0.49","CO_8hr":"0.5","O3":"36","O3_8hr":"20","PM10":"58","PM2.5":"28","NO2":"17","NOx":"19","NO":"2","WindSpeed":"0.9","WindDirec":"287","PublishTime":"2020-01-01 14:00","PM2.5_AVG":"26","PM10_AVG":"50","SO2_AVG":"2","Longitude":"120.300819","Latitude":"22.718297","SiteId":"310"},{"SiteName":"萬里","County":"新北市","AQI":"43","Pollutant":"","Status":"良好","SO2":"1.1","CO":"0.21","CO_8hr":"0.2","O3":"44","O3_8hr":"44","PM10":"37","PM2.5":"8","NO2":"3.1","NOx":"4","NO":"0.9","WindSpeed":"3.9","WindDirec":"31","PublishTime":"2020-01-01 14:00","PM2.5_AVG":"8","PM10_AVG":"46","SO2_AVG":"1","Longitude":"121.689881","Latitude":"25.179667","SiteId":"3"},{"SiteName":"萬華","County":"臺北市","AQI":"25","Pollutant":"","Status":"良好","SO2":"1.3","CO":"0.3","CO_8hr":"0.3","O3":"31","O3_8hr":"27","PM10":"11","PM2.5":"3","NO2":"14","NOx":"17","NO":"3.1","WindSpeed":"3.7","WindDirec":"111","PublishTime":"2020-01-01 14:00","PM2.5_AVG":"7","PM10_AVG":"15","SO2_AVG":"2","Longitude":"121.507972","Latitude":"25.046503","SiteId":"13"},{"SiteName":"嘉義","County":"嘉義市","AQI":"54","Pollutant":"細懸浮微粒","Status":"普通","SO2":"2","CO":"0.39","CO_8hr":"0.4","O3":"46","O3_8hr":"24","PM10":"33","PM2.5":"23","NO2":"12","NOx":"14","NO":"1.6","WindSpeed":"2.6","WindDirec":"355","PublishTime":"2020-01-01 14:00","PM2.5_AVG":"17","PM10_AVG":"32","SO2_AVG":"2","Longitude":"120.440833","Latitude":"23.462778","SiteId":"42"},{"SiteName":"彰化","County":"彰化縣","AQI":"24","Pollutant":"","Status":"良好","SO2":"1.7","CO":"0.32","CO_8hr":"0.4","O3":"31","O3_8hr":"24","PM10":"22","PM2.5":"6","NO2":"12","NOx":"14","NO":"2.2","WindSpeed":"3.1","WindDirec":"351","PublishTime":"2020-01-01 14:00","PM2.5_AVG":"7","PM10_AVG":"17","SO2_AVG":"1","Longitude":"120.541519","Latitude":"24.066","SiteId":"33"},{"SiteName":"彰化(大城)","County":"彰化縣","AQI":"36","Pollutant":"","Status":"良好","SO2":"2","CO":"0.16","CO_8hr":"0.2","O3":"51","O3_8hr":"39","PM10":"26","PM2.5":"11","NO2":"4.4","NOx":"5.8","NO":"1.4","WindSpeed":"6.8","WindDirec":"53","PublishTime":"2020-01-01 14:00","PM2.5_AVG":"11","PM10_AVG":"26","SO2_AVG":"3","Longitude":"120.273117","Latitude":"23.843139","SiteId":"202"},{"SiteName":"臺西","County":"雲林縣","AQI":"37","Pollutant":"","Status":"良好","SO2":"2.4","CO":"0.19","CO_8hr":"0.2","O3":"50","O3_8hr":"39","PM10":"40","PM2.5":"12","NO2":"4.8","NOx":"6.5","NO":"1.7","WindSpeed":"9.8","WindDirec":"16","PublishTime":"2020-01-01 14:00","PM2.5_AVG":"11","PM10_AVG":"30","SO2_AVG":"2","Longitude":"120.202842","Latitude":"23.717533","SiteId":"41"},{"SiteName":"臺東","County":"臺東縣","AQI":"31","Pollutant":"","Status":"良好","SO2":"1.1","CO":"0.29","CO_8hr":"0.3","O3":"43","O3_8hr":"34","PM10":"8","PM2.5":"ND","NO2":"3.5","NOx":"4.9","NO":"1.4","WindSpeed":"3.5","WindDirec":"42","PublishTime":"2020-01-01 14:00","PM2.5_AVG":"2","PM10_AVG":"6","SO2_AVG":"1","Longitude":"121.15045","Latitude":"22.755358","SiteId":"62"},{"SiteName":"臺南","County":"臺南市","AQI":"61","Pollutant":"細懸浮微粒","Status":"普通","SO2":"2.4","CO":"0.4","CO_8hr":"0.4","O3":"47","O3_8hr":"25","PM10":"42","PM2.5":"18","NO2":"9.9","NOx":"12","NO":"2.3","WindSpeed":"1","WindDirec":"4.2","PublishTime":"2020-01-01 14:00","PM2.5_AVG":"20","PM10_AVG":"37","SO2_AVG":"2","Longitude":"120.202617","Latitude":"22.984581","SiteId":"46"},{"SiteName":"鳳山","County":"高雄市","AQI":"69","Pollutant":"細懸浮微粒","Status":"普通","SO2":"2.2","CO":"0.53","CO_8hr":"0.6","O3":"51","O3_8hr":"23","PM10":"51","PM2.5":"27","NO2":"18","NOx":"20","NO":"1.8","WindSpeed":"2","WindDirec":"274","PublishTime":"2020-01-01 14:00","PM2.5_AVG":"23","PM10_AVG":"48","SO2_AVG":"5","Longitude":"120.358083","Latitude":"22.627392","SiteId":"50"},{"SiteName":"潮州","County":"屏東縣","AQI":"91","Pollutant":"細懸浮微粒","Status":"普通","SO2":"3.7","CO":"0.5","CO_8hr":"0.5","O3":"58","O3_8hr":"29","PM10":"66","PM2.5":"33","NO2":"17","NOx":"19","NO":"2.2","WindSpeed":"3.2","WindDirec":"259","PublishTime":"2020-01-01 14:00","PM2.5_AVG":"32","PM10_AVG":"59","SO2_AVG":"3","Longitude":"120.561175","Latitude":"22.523108","SiteId":"60"},{"SiteName":"線西","County":"彰化縣","AQI":"30","Pollutant":"","Status":"良好","SO2":"2","CO":"0.29","CO_8hr":"0.3","O3":"38","O3_8hr":"32","PM10":"30","PM2.5":"10","NO2":"9","NOx":"12","NO":"3.1","WindSpeed":"5.8","WindDirec":"29","PublishTime":"2020-01-01 14:00","PM2.5_AVG":"9","PM10_AVG":"26","SO2_AVG":"2","Longitude":"120.469061","Latitude":"24.131672","SiteId":"34"},{"SiteName":"橋頭","County":"高雄市","AQI":"73","Pollutant":"細懸浮微粒","Status":"普通","SO2":"2.6","CO":"0.47","CO_8hr":"0.5","O3":"47","O3_8hr":"24","PM10":"54","PM2.5":"28","NO2":"16","NOx":"18","NO":"2.5","WindSpeed":"1.6","WindDirec":"338","PublishTime":"2020-01-01 14:00","PM2.5_AVG":"24","PM10_AVG":"47","SO2_AVG":"3","Longitude":"120.305689","Latitude":"22.757506","SiteId":"48"},{"SiteName":"頭份","County":"苗栗縣","AQI":"27","Pollutant":"","Status":"良好","SO2":"0.6","CO":"0.23","CO_8hr":"0.2","O3":"33","O3_8hr":"29","PM10":"17","PM2.5":"9","NO2":"8.5","NOx":"10","NO":"1.6","WindSpeed":"3.6","WindDirec":"65","PublishTime":"2020-01-01 14:00","PM2.5_AVG":"8","PM10_AVG":"16","SO2_AVG":"1","Longitude":"120.898572","Latitude":"24.696969","SiteId":"25"},{"SiteName":"龍潭","County":"桃園市","AQI":"32","Pollutant":"","Status":"良好","SO2":"2.4","CO":"0.33","CO_8hr":"0.3","O3":"37","O3_8hr":"35","PM10":"11","PM2.5":"6","NO2":"8","NOx":"9.9","NO":"1.9","WindSpeed":"4.9","WindDirec":"52","PublishTime":"2020-01-01 14:00","PM2.5_AVG":"5","PM10_AVG":"8","SO2_AVG":"2","Longitude":"121.21635","Latitude":"24.863869","SiteId":"21"},{"SiteName":"豐原","County":"臺中市","AQI":"19","Pollutant":"","Status":"良好","SO2":"0.9","CO":"0.22","CO_8hr":"0.2","O3":"25","O3_8hr":"20","PM10":"11","PM2.5":"5","NO2":"3.6","NOx":"6.5","NO":"2.9","WindSpeed":"1.8","WindDirec":"39","PublishTime":"2020-01-01 14:00","PM2.5_AVG":"6","PM10_AVG":"10","SO2_AVG":"1","Longitude":"120.741711","Latitude":"24.256586","SiteId":"28"},{"SiteName":"關山","County":"臺東縣","AQI":"24","Pollutant":"","Status":"良好","SO2":"0.9","CO":"-","CO_8hr":"","O3":"35","O3_8hr":"26","PM10":"1","PM2.5":"ND","NO2":"2.5","NOx":"3.6","NO":"1.2","WindSpeed":"1.8","WindDirec":"2.3","PublishTime":"2020-01-01 14:00","PM2.5_AVG":"2","PM10_AVG":"6","SO2_AVG":"1","Longitude":"121.161933","Latitude":"23.045083","SiteId":"80"},{"SiteName":"觀音","County":"桃園市","AQI":"36","Pollutant":"","Status":"良好","SO2":"3.6","CO":"0.17","CO_8hr":"0.2","O3":"41","O3_8hr":"39","PM10":"15","PM2.5":"5","NO2":"6.1","NOx":"6.5","NO":"0.4","WindSpeed":"7","WindDirec":"58","PublishTime":"2020-01-01 14:00","PM2.5_AVG":"7","PM10_AVG":"22","SO2_AVG":"4","Longitude":"121.082761","Latitude":"25.035503","SiteId":"19"}]